Field Date (DD/MM/YY),Team,Site,Depth (cm),Temperature (C),YSI DO (mg/L),YSI DO (% sat),Salinity (parts per thousand),pH,Turbidity (cm) [Tube],Mean Turbidity(cm),StDev Turbidity (cm),Winkler DO (mM),Winkler DO (uM),Mean Winkler DO (mM),SD Winkler DO (mM),Alkalinity (mM),Mean Alkalinity (mM),SD Alkalinity (mM),Mean Phosphate Concentration (uM),SD Phosphate Concentration (uM),LOI (%),Chl-a (mg/L),Mean Chl-a (mg/L),StDev. Chl-a (mg/L),GPP (mg/L/hr ∆C),GPP (mg/L/hr ∆C) StDev,R (mg/L/hr ∆C),R (mg/L/hr ∆C) StDev,NPP (mg/L/hr ∆C),NPP (mg/L/hr ∆C) StDev,Mean Cell Count (Phytoplankton/mL),StDev. Cell Count (Phytoplankton/mL),Diatoms (Kudela Lab Abundance Code),Dinoflagellates (Kudela Lab Abundance Code),Cyanobacteria (Kudela Lab Abundance Code),Zooplankton (Kudela Lab Abundance Code),Comments,CORING DATA,Sediment Depth (cm),LOI (%),4000 μm Sediment (% of total weight),2000 μm Sediment (% of total weight),500 μm Sediment (% of total weight),250 μm Sediment (% of total weight),125 μm Sediment (% of total weight),63 μm Sediment (% of total weight),<63 μm Sediment (% of total weight),
7/4/25,B,Beach Zone,0,18.8,8.7,100.1,11.2,7.95,-999,-999,-999,-999,-999,-999,-999,-999,-999,-999,-999,-999,-999,-999,-999,-999,-999,-999,-999,-999,-999,-999,-999,-999,-999,-999,-999,-999,-999,,-999,,,,,,,,,
7/4/25,B,Beach Zone,30,18.8,8.63,99.1,11.21,7.94,-999,-999,-999,-999,-999,-999,-999,-999,-999,-999,-999,-999,-999,-999,-999,-999,-999,-999,-999,-999,-999,-999,-999,-999,-999,-999,-999,-999,-999,,-999,,,,,,,,,
7/4/25,B,Beach Zone,40,18.6,8.62,98.5,11.22,7.94,-999,-999,-999,-999,-999,-999,-999,-999,-999,-999,-999,-999,-999,-999,-999,-999,-999,-999,-999,-999,-999,-999,-999,-999,-999,-999,-999,-999,-999,,-999,,,,,,,,,
9/4/25,B,Beach Zone,-999,-999,-999,-999,-999,-999,-999,-999,-999,-999,-999,-999,-999,3.45037314,3.459989753,0.2456147247,-999,-999,-999,-999,-999,-999,-999,-999,-999,-999,-999,-999,-999,-999,-999,-999,-999,-999,Sample 1,,-999,,,,,,,,,
9/4/25,B,Beach Zone,-999,-999,-999,-999,-999,-999,-999,-999,-999,-999,-999,-999,-999,3.219324571,3.459989753,0.2456147247,-999,-999,-999,-999,-999,-999,-999,-999,-999,-999,-999,-999,-999,-999,-999,-999,-999,-999,Sample 2,,-999,,,,,,,,,
9/4/25,B,Beach Zone,-999,-999,-999,-999,-999,-999,-999,-999,-999,-999,-999,-999,-999,3.710271548,3.493104387,0.2456147247,-999,-999,-999,-999,-999,-999,-999,-999,-999,-999,-999,-999,-999,-999,-999,-999,-999,-999,Sample 3,,-999,,,,,,,,,
7/4/25,A,Beach Zone,0,18.8,8.84,101.4,-999,8.06,-999,-999,-999,0.2588,258.8,0.2577,0.016,3.419638171,,,-999,-999,-999,-999,-999,-999,-999,-999,-999,-999,-999,-999,-999,-999,-999,-999,-999,-999,Sample 1,,-999,,,,,,,,,
7/4/25,A,Beach Zone,30,19,8.78,100.9,-999,7.97,-999,-999,-999,0.2609,260.9,-999,-999,3.349403442,,,-999,-999,-999,-999,-999,-999,-999,-999,-999,-999,-999,-999,-999,-999,-999,-999,-999,-999,Sample 2,,-999,,,,,,,,,
7/4/25,A,Beach Zone,45,18.3,8.35,95,-999,7.94,-999,-999,-999,-999,-999,-999,-999,3.092670664,,,-999,-999,-999,-999,-999,-999,-999,-999,-999,-999,-999,-999,-999,-999,-999,-999,-999,-999,Sample 3,,-999,,,,,,,,,
7/4/25,F,Beach Zone,-999,-999,-999,-999,-999,-999,27.2,25.43,2.43,-999,-999,-999,-999,-999,-999,-999,-999,-999,-999,0.011,0.01017,0.00097,0.042,0.002866,0.0217,0.000307,0.0203,0.002883,6600,3286.3,C,C,C,-999,Sample 1,,-999,,,,,,,,,
7/4/25,F,Beach Zone,-999,-999,-999,-999,-999,-999,27.1,25.43,2.43,-999,-999,-999,-999,-999,-999,-999,-999,-999,-999,0.0108,0.01017,0.00097,0.042,0.002866,0.0217,0.000307,0.0203,0.002883,5800,4024.9,P,C,C,-999,Sample 2,,-999,,,,,,,,,
7/4/25,F,Beach Zone,-999,-999,-999,-999,-999,-999,22,25.43,2.43,-999,-999,-999,-999,-999,-999,-999,-999,-999,-999,0.0087,0.01017,0.00097,0.042,0.002866,0.0217,0.000307,0.0203,0.002883,6200,2167.9,R,R,R,-999,Sample 3,,-999,,,,,,,,,
9/4/25,B,Beach Zone,-999,-999,-999,-999,-999,-999,-999,-999,-999,1.96E-01,196.5,203.1666667,5.773502692,-999,-999,-999,-999,-999,-999,-999,-999,-999,-999,-999,-999,-999,-999,-999,-999,-999,-999,-999,-999,-999,Sample 1,,-999,,,,,,,,,
9/4/25,B,Beach Zone,-999,-999,-999,-999,-999,-999,-999,-999,-999,2.07E-01,206.5,203.1666667,5.773502692,-999,-999,-999,-999,-999,-999,-999,-999,-999,-999,-999,-999,-999,-999,-999,-999,-999,-999,-999,-999,-999,Sample 1,,-999,,,,,,,,,
9/4/25,B,Beach Zone,-999,-999,-999,-999,-999,-999,-999,-999,-999,2.07E-01,206.5,203.1666667,5.773502692,-999,-999,-999,-999,-999,-999,-999,-999,-999,-999,-999,-999,-999,-999,-999,-999,-999,-999,-999,-999,-999,Sample 1,,-999,,,,,,,,,
9/4/25,B,Beach Zone,-999,-999,-999,-999,-999,-999,-999,-999,-999,2.17E-01,216.5,209.4666667,5.773502692,-999,-999,-999,-999,-999,-999,-999,-999,-999,-999,-999,-999,-999,-999,-999,-999,-999,-999,-999,-999,-999,Sample 2,,-999,,,,,,,,,
9/4/25,B,Beach Zone,-999,-999,-999,-999,-999,-999,-999,-999,-999,2.02E-01,202.4,209.4666667,7.050059101,-999,-999,-999,-999,-999,-999,-999,-999,-999,-999,-999,-999,-999,-999,-999,-999,-999,-999,-999,-999,-999,Sample 2,,-999,,,,,,,,,
9/4/25,B,Beach Zone,-999,-999,-999,-999,-999,-999,-999,-999,-999,2.09E-01,209.5,209.4666667,7.050059101,-999,-999,-999,-999,-999,-999,-999,-999,-999,-999,-999,-999,-999,-999,-999,-999,-999,-999,-999,-999,-999,Sample 2,,-999,,,,,,,,,
7/4/25,D,Beach Zone,-999,-999,-999,-999,-999,-999,-999,21.7,1.37,-999,-999,-999,-999,-999,-999,-999,-999,-999,-999,-999,0.01038,0.00083,0.039,0.0033,0.016,0.0033,0.023,0.0047,,,,,,,-,,-999,,,,,,,,,
7/4/25,C,Beach Zone,0,18.8,8.83,101,10.91,8.01,-999,-999,-999,-999,-999,0.35,0.064,2.918378213,,,-999,-999,-999,-999,-999,-999,-999,-999,-999,-999,-999,-999,-999,-999,-999,-999,-999,-999,Sample 1,,-999,,,,,,,,,
7/4/25,C,Beach Zone,20,18.9,8.74,100.6,11.21,7.97,-999,-999,-999,-999,-999,-999,-999,3.127801894,,,-999,-999,-999,-999,-999,-999,-999,-999,-999,-999,-999,-999,-999,-999,-999,-999,-999,-999,Sample 2,,-999,,,,,,,,,
7/4/25,E,Beach Zone,-999,-999,-999,-999,-999,-999,-999,27.05,1.473091986,-999,-999,-999,-999,-999,-999,-999,-999,-999,-999,-999,0.007800952381,0.001063526415,0.03850245499,0.0046391118,0.02600245499,0.003805138323,0.0125,0.006000036329,3800,1303.840481,C,A,P,C,,,-999,,,,,,,,,
14/4/25,B,Beach Zone,0,18.6,8.9,101.8,11.53,8.06,-999,-999,-999,-999,-999,-999,-999,-999,-999,-999,-999,-999,-999,-999,-999,-999,-999,-999,-999,-999,-999,-999,-999,-999,-999,-999,-999,-999,-999,,-999,,,,,,,,,
14/4/25,B,Beach Zone,20,18.4,8.92,101.7,11.53,8.07,-999,-999,-999,-999,-999,-999,-999,-999,-999,-999,-999,-999,-999,-999,-999,-999,-999,-999,-999,-999,-999,-999,-999,-999,-999,-999,-999,-999,-999,,-999,,,,,,,,,
14/4/25,B,Beach Zone,35,18.4,8.9,101.5,11.55,8.07,-999,-999,-999,-999,-999,-999,-999,-999,-999,-999,-999,-999,-999,-999,-999,-999,-999,-999,-999,-999,-999,-999,-999,-999,-999,-999,-999,-999,-999,,-999,,,,,,,,,
16/4/25,B,Beach Zone,-999,-999,-999,-999,-999,-999,-999,-999,-999,-999,-999,-999,-999,3.007034466,3.444315541,0.3787004377,-999,-999,-999,-999,-999,-999,-999,-999,-999,-999,-999,-999,-999,-999,-999,-999,-999,-999,Sample 1,,-999,,,,,,,,,
16/4/25,B,Beach Zone,-999,-999,-999,-999,-999,-999,-999,-999,-999,-999,-999,-999,-999,3.664678746,3.444315541,0.3787004377,-999,-999,-999,-999,-999,-999,-999,-999,-999,-999,-999,-999,-999,-999,-999,-999,-999,-999,Sample 2,,-999,,,,,,,,,
16/4/25,B,Beach Zone,-999,-999,-999,-999,-999,-999,-999,-999,-999,-999,-999,-999,-999,3.661233411,3.444315541,0.3787004377,-999,-999,-999,-999,-999,-999,-999,-999,-999,-999,-999,-999,-999,-999,-999,-999,-999,-999,Sample 3,,-999,,,,,,,,,
14/4/25,F,Beach Zone,-999,-999,-999,-999,-999,-999,28,25.8,3.58,-999,-999,-999,-999,-999,-999,-999,-999,-999,-999,0.0143,0.0157,0.00126,0.0349,0.00479,0.0329,0.000856,0.002,0.004866,4400,1341.6,P,C,C,-999,-999,,-999,,,,,,,,,
14/4/25,F,Beach Zone,-999,-999,-999,-999,-999,-999,21.8,25.8,3.58,-999,-999,-999,-999,-999,-999,-999,-999,-999,-999,0.0162,0.0157,0.00126,0.0349,0.00479,0.0329,0.000856,0.002,0.004866,-999,-999,-999,-999,-999,-999,-999,,-999,,,,,,,,,
14/4/25,F,Beach Zone,-999,-999,-999,-999,-999,-999,27.8,25.8,3.58,-999,-999,-999,-999,-999,-999,-999,-999,-999,-999,0.0167,0.0157,0.00126,0.0349,0.00479,0.0329,0.000856,0.002,0.004866,-999,-999,-999,-999,-999,-999,-999,,-999,,,,,,,,,
14/4/25,F,East Fork,-999,-999,-999,-999,-999,-999,33.2,33.7,0.436,-999,-999,-999,-999,-999,-999,-999,-999,-999,-999,0.00944,0.00944,0,0.0432,0.0325,0.0243,0.0414,0.0189,0.0526,600,547.7,R,C,R,-999,-999,,-999,,,,,,,,,
14/4/25,F,East Fork,-999,-999,-999,-999,-999,-999,34,33.7,0.436,-999,-999,-999,-999,-999,-999,-999,-999,-999,-999,-999,0.00944,0,0.0432,0.0325,0.0243,0.0414,0.0189,0.0526,-999,-999,-999,-999,-999,-999,-999,,-999,,,,,,,,,
14/4/25,F,East Fork,-999,-999,-999,-999,-999,-999,33.9,33.7,0.436,-999,-999,-999,-999,-999,-999,-999,-999,-999,-999,-999,0.00944,0,0.0432,0.0325,0.0243,0.0414,0.0189,0.0526,-999,-999,-999,-999,-999,-999,-999,,-999,,,,,,,,,
14/4/25,B,Beach Zone,-999,-999,-999,-999,-999,-999,-999,-999,-999,1.95E-01,194.7,194.7,11.8,-999,-999,-999,-999,-999,-999,-999,-999,-999,-999,-999,-999,-999,-999,-999,-999,-999,-999,-999,-999,-999,Sample 1,,-999,,,,,,,,,
14/4/25,B,Beach Zone,-999,-999,-999,-999,-999,-999,-999,-999,-999,2.07E-01,206.5,194.7,11.8,-999,-999,-999,-999,-999,-999,-999,-999,-999,-999,-999,-999,-999,-999,-999,-999,-999,-999,-999,-999,-999,Sample 1,,-999,,,,,,,,,
14/4/25,B,Beach Zone,-999,-999,-999,-999,-999,-999,-999,-999,-999,1.83E-01,182.9,194.7,11.8,-999,-999,-999,-999,-999,-999,-999,-999,-999,-999,-999,-999,-999,-999,-999,-999,-999,-999,-999,-999,-999,Sample 1,,-999,,,,,,,,,
14/4/25,B,Beach Zone,-999,-999,-999,-999,-999,-999,-999,-999,-999,2.12E-01,212.4,206.5,15.60993274,-999,-999,-999,-999,-999,-999,-999,-999,-999,-999,-999,-999,-999,-999,-999,-999,-999,-999,-999,-999,-999,Sample 2,,-999,,,,,,,,,
14/4/25,B,Beach Zone,-999,-999,-999,-999,-999,-999,-999,-999,-999,2.18E-01,218.3,206.5,15.60993274,-999,-999,-999,-999,-999,-999,-999,-999,-999,-999,-999,-999,-999,-999,-999,-999,-999,-999,-999,-999,-999,Sample 2,,-999,,,,,,,,,
14/4/25,B,Beach Zone,-999,-999,-999,-999,-999,-999,-999,-999,-999,1.89E-01,188.8,206.5,15.60993274,-999,-999,-999,-999,-999,-999,-999,-999,-999,-999,-999,-999,-999,-999,-999,-999,-999,-999,-999,-999,-999,Sample 2,,-999,,,,,,,,,
14/4/25,B,East Fork,-999,-999,-999,-999,-999,-999,-999,-999,-999,-999,-999,-999,-999,3.123910577,3.123910577,-999,-999,-999,-999,-999,-999,-999,-999,-999,-999,-999,-999,-999,-999,-999,-999,-999,-999,-999,Sample 1,,-999,,,,,,,,,
14/4/25,B,East Fork,-999,-999,-999,-999,-999,-999,-999,-999,-999,1.18E-01,118,113.0833333,6.148983656,-999,-999,-999,-999,-999,-999,-999,-999,-999,-999,-999,-999,-999,-999,-999,-999,-999,-999,-999,-999,-999,Sample 1,,-999,,,,,,,,,
14/4/25,B,East Fork,-999,-999,-999,-999,-999,-999,-999,-999,-999,1.06E-01,106.2,113.0833333,6.148983656,-999,-999,-999,-999,-999,-999,-999,-999,-999,-999,-999,-999,-999,-999,-999,-999,-999,-999,-999,-999,-999,Sample 1,,-999,,,,,,,,,
14/4/25,B,East Fork,-999,-999,-999,-999,-999,-999,-999,-999,-999,1.15E-01,115.1,113.0833333,6.148983656,-999,-999,-999,-999,-999,-999,-999,-999,-999,-999,-999,-999,-999,-999,-999,-999,-999,-999,-999,-999,-999,Sample 1,,-999,,,,,,,,,
14/4/25,B,East Fork,-999,-999,-999,-999,-999,-999,-999,-999,-999,1.24E-01,123.9,123.9,5.9,-999,-999,-999,-999,-999,-999,-999,-999,-999,-999,-999,-999,-999,-999,-999,-999,-999,-999,-999,-999,-999,Sample 2,,-999,,,,,,,,,
14/4/25,B,East Fork,-999,-999,-999,-999,-999,-999,-999,-999,-999,1.18E-01,118,123.9,5.9,-999,-999,-999,-999,-999,-999,-999,-999,-999,-999,-999,-999,-999,-999,-999,-999,-999,-999,-999,-999,-999,Sample 2,,-999,,,,,,,,,
14/4/25,B,East Fork,-999,-999,-999,-999,-999,-999,-999,-999,-999,1.30E-01,129.8,123.9,5.9,-999,-999,-999,-999,-999,-999,-999,-999,-999,-999,-999,-999,-999,-999,-999,-999,-999,-999,-999,-999,-999,Sample 2,,-999,,,,,,,,,
14/4/25,A,Beach Zone,0,18.5,9.6,105.5,0.1,8.13,-999,-999,-999,,-999,8.89,1.39,-999,3.57,0.181,-999,-999,-999,-999,-999,-999,-999,-999,-999,-999,-999,-999,-999,-999,-999,-999,-999,-999,-999,,-999,,,,,,,,,
14/4/25,A,Beach Zone,20,18.3,9.14,104.6,11.49,8.1,-999,-999,-999,-999,-999,-999,-999,-999,-999,-999,-999,-999,-999,-999,-999,-999,-999,-999,-999,-999,-999,-999,-999,-999,-999,-999,-999,-999,-999,,-999,,,,,,,,,
14/4/25,A,Beach Zone,40,18.5,9.11,104.3,11.56,8.1,-999,-999,-999,-999,-999,-999,-999,-999,-999,-999,-999,-999,-999,-999,-999,-999,-999,-999,-999,-999,-999,-999,-999,-999,-999,-999,-999,-999,-999,,-999,,,,,,,,,
14/4/25,A,East Fork,0,18.4,7.46,77.1,0.09,7.75,-999,-999,-999,-999,-999,1.87,0.27,3.57,-999,-999,-999,-999,-999,-999,-999,-999,-999,-999,-999,-999,-999,-999,-999,-999,-999,-999,-999,-999,-999,,-999,,,,,,,,,
14/4/25,A,East Fork,20,19.4,6.25,73.6,11.18,7.66,-999,-999,-999,-999,-999,-999,-999,-999,-999,-999,-999,-999,-999,-999,-999,-999,-999,-999,-999,-999,-999,-999,-999,-999,-999,-999,-999,-999,-999,,-999,,,,,,,,,
14/4/25,A,East Fork,38,19.1,3.84,45.2,11.26,7.5,-999,-999,-999,-999,-999,-999,-999,-999,-999,-999,-999,-999,-999,-999,-999,-999,-999,-999,-999,-999,-999,-999,-999,-999,-999,-999,-999,-999,-999,,-999,,,,,,,,,
14/4/25,D,Beach Zone,-999,-999,-999,-999,-999,-999,-999,16.833,1.161,-999,-999,-999,-999,-999,-999,-999,-999,-999,-999,-999,0.0152,0.000717,0.037,0.0057,0.035,0.0023,0.002,0.0061,40000,8944,P,P,C,R,-,,-999,,,,,,,,,
14/4/25,D,East Fork,-999,-999,-999,-999,-999,-999,-999,26.867,2.363,-999,-999,-999,-999,-999,-999,-999,-999,-999,-999,-999,0.0194,0.000342,0.035,0.0058,0.038,0.011,-0.003,0.059,14800,3544,P,P,C,R,-,,-999,,,,,,,,,
14/4/25,C,Beach Zone,0,18,9.98,105.4,0.28,8.1,-999,-999,-999,-999,-999,0.007603,0.000808,-999,3.598857561,0.2784148165,-999,-999,-999,-999,-999,-999,-999,-999,-999,-999,-999,-999,-999,-999,-999,-999,-999,-999,-999,,-999,,,,,,,,,
14/4/25,C,Beach Zone,20,18.5,9.13,104.3,11.5,8.09,-999,-999,-999,-999,-999,-999,-999,-999,-999,-999,-999,-999,-999,-999,-999,-999,-999,-999,-999,-999,-999,-999,-999,-999,-999,-999,-999,-999,-999,,-999,,,,,,,,,
14/4/25,C,Beach Zone,40,18.5,9.1,103.9,11.52,8.09,-999,-999,-999,-999,-999,-999,-999,-999,-999,-999,-999,-999,-999,-999,-999,-999,-999,-999,-999,-999,-999,-999,-999,-999,-999,-999,-999,-999,-999,,-999,,,,,,,,,
14/4/25,C,East Fork,0,18.8,8.84,101.3,11.14,8.24,-999,-999,-999,-999,-999,0.005322,0.001075,3.686584536,3.686584536,-999,-999,-999,-999,-999,-999,-999,-999,-999,-999,-999,-999,-999,-999,-999,-999,-999,-999,-999,-999,,-999,,,,,,,,,
14/4/25,C,East Fork,20,19.2,8.72,100.9,11.24,8.26,-999,-999,-999,-999,-999,-999,-999,-999,-999,-999,-999,-999,-999,-999,-999,-999,-999,-999,-999,-999,-999,-999,-999,-999,-999,-999,-999,-999,-999,,-999,,,,,,,,,
14/4/25,C,East Fork,40,19.4,8.71,101.2,5.42,8.25,-999,-999,-999,-999,-999,-999,-999,-999,-999,-999,-999,-999,-999,-999,-999,-999,-999,-999,-999,-999,-999,-999,-999,-999,-999,-999,-999,-999,-999,,-999,,,,,,,,,
14/4/25,E,Beach Zone,-999,-999,-999,-999,-999,-999,24.575,2.693665409,-999,-999,-999,-999,-999,-999,-999,-999,-999,-999,-999,-999,0.009626666667,0.002309401077,0.03235042735,0.008192682201,0.03131054131,0.001868051813,0.00103988604,0.008402955386,1800,447.2135955,C,A,R,C,-999,,-999,,,,,,,,,
14/4/25,E,East Fork,-999,-999,-999,-999,-999,-999,28.66666667,1.724335621,-999,-999,-999,-999,-999,-999,-999,-999,-999,-999,-999,-999,-999,-999,-999,-999,-999,-999,-999,-999,-999,-999,-999,-999,-999,-999,-999,,-999,,,,,,,,,
21/4/25,B,Beach Zone,0,20.6,10.87,120.91,0.1,8.01,-999,-999,-999,-999,-999,-999,-999,-999,-999,-999,-999,-999,-999,-999,-999,-999,-999,-999,-999,-999,-999,-999,-999,-999,-999,-999,-999,-999,-999,,-999,,,,,,,,,
21/4/25,B,Beach Zone,20,20.8,10.01,120.8,11.63,7.98,-999,-999,-999,-999,-999,-999,-999,-999,-999,-999,-999,-999,-999,-999,-999,-999,-999,-999,-999,-999,-999,-999,-999,-999,-999,-999,-999,-999,-999,,-999,,,,,,,,,
21/4/25,B,Beach Zone,30,19.4,8.56,99.7,11.63,7.75,-999,-999,-999,-999,-999,-999,-999,-999,-999,-999,-999,-999,-999,-999,-999,-999,-999,-999,-999,-999,-999,-999,-999,-999,-999,-999,-999,-999,-999,,-999,,,,,,,,,
21/4/25,B,East Fork,0,22.4,6.46,104.3,11.42,7.63,-999,-999,-999,-999,-999,-999,-999,-999,-999,-999,-999,-999,-999,-999,-999,-999,-999,-999,-999,-999,-999,-999,-999,-999,-999,-999,-999,-999,-999,,-999,,,,,,,,,
21/4/25,B,East Fork,10,22,6.68,81.9,11.44,7.3,-999,-999,-999,-999,-999,-999,-999,-999,-999,-999,-999,-999,-999,-999,-999,-999,-999,-999,-999,-999,-999,-999,-999,-999,-999,-999,-999,-999,-999,,-999,,,,,,,,,
21/4/25,B,East Fork,24,21.8,5.4,65.8,11.4,7.34,-999,-999,-999,-999,-999,-999,-999,-999,-999,-999,-999,-999,-999,-999,-999,-999,-999,-999,-999,-999,-999,-999,-999,-999,-999,-999,-999,-999,-999,,-999,,,,,,,,,
23/4/25,B,Beach Zone,-999,-999,-999,-999,-999,-999,-999,-999,-999,2.83E-01,283.2,271.4,20.43819953,-999,-999,-999,-999,-999,-999,-999,-999,-999,-999,-999,-999,-999,-999,-999,-999,-999,-999,-999,-999,-999,Sample 1,,-999,,,,,,,,,
23/4/25,B,Beach Zone,-999,-999,-999,-999,-999,-999,-999,-999,-999,2.83E-01,283.2,271.4,20.43819953,-999,-999,-999,-999,-999,-999,-999,-999,-999,-999,-999,-999,-999,-999,-999,-999,-999,-999,-999,-999,-999,Sample 1,,-999,,,,,,,,,
23/4/25,B,Beach Zone,-999,-999,-999,-999,-999,-999,-999,-999,-999,2.48E-01,247.8,271.4,20.43819953,-999,-999,-999,-999,-999,-999,-999,-999,-999,-999,-999,-999,-999,-999,-999,-999,-999,-999,-999,-999,-999,Sample 1,,-999,,,,,,,,,
23/4/25,B,Beach Zone,-999,-999,-999,-999,-999,-999,-999,-999,-999,3.07E-01,306.8,273.3666667,32.49466623,-999,-999,-999,-999,-999,-999,-999,-999,-999,-999,-999,-999,-999,-999,-999,-999,-999,-999,-999,-999,-999,Sample 2,,-999,,,,,,,,,
23/4/25,B,Beach Zone,-999,-999,-999,-999,-999,-999,-999,-999,-999,2.42E-01,241.9,273.3666667,32.49466623,-999,-999,-999,-999,-999,-999,-999,-999,-999,-999,-999,-999,-999,-999,-999,-999,-999,-999,-999,-999,-999,Sample 2,,-999,,,,,,,,,
23/4/25,B,Beach Zone,-999,-999,-999,-999,-999,-999,-999,-999,-999,2.71E-01,271.4,273.3666667,32.49466623,-999,-999,-999,-999,-999,-999,-999,-999,-999,-999,-999,-999,-999,-999,-999,-999,-999,-999,-999,-999,-999,Sample 2,,-999,,,,,,,,,
23/4/25,B,Beach Zone,-999,-999,-999,-999,-999,-999,-999,-999,-999,-999,-999,-999,-999,3.516900417,3.59486045,0.06793592025,-999,-999,-999,-999,-999,-999,-999,-999,-999,-999,-999,-999,-999,-999,-999,-999,-999,-999,Sample 1,,-999,,,,,,,,,
23/4/25,B,Beach Zone,-999,-999,-999,-999,-999,-999,-999,-999,-999,-999,-999,-999,-999,3.626293003,3.59486045,0.06793592025,-999,-999,-999,-999,-999,-999,-999,-999,-999,-999,-999,-999,-999,-999,-999,-999,-999,-999,Sample 2,,-999,,,,,,,,,
23/4/25,B,Beach Zone,-999,-999,-999,-999,-999,-999,-999,-999,-999,-999,-999,-999,-999,3.64138793,3.59486045,0.06793592025,-999,-999,-999,-999,-999,-999,-999,-999,-999,-999,-999,-999,-999,-999,-999,-999,-999,-999,Sample 3,,-999,,,,,,,,,
23/4/25,B,East Fork,-999,-999,-999,-999,-999,-999,-999,-999,-999,2.36E-01,236,236,0,-999,-999,-999,-999,-999,-999,-999,-999,-999,-999,-999,-999,-999,-999,-999,-999,-999,-999,-999,-999,-999,Sample 1,,-999,,,,,,,,,
23/4/25,B,East Fork,-999,-999,-999,-999,-999,-999,-999,-999,-999,2.36E-01,236,236,0,-999,-999,-999,-999,-999,-999,-999,-999,-999,-999,-999,-999,-999,-999,-999,-999,-999,-999,-999,-999,-999,Sample 1,,-999,,,,,,,,,
23/4/25,B,East Fork,-999,-999,-999,-999,-999,-999,-999,-999,-999,2.36E-01,236,236,0,-999,-999,-999,-999,-999,-999,-999,-999,-999,-999,-999,-999,-999,-999,-999,-999,-999,-999,-999,-999,-999,Sample 1,,-999,,,,,,,,,
23/4/25,B,East Fork,-999,-999,-999,-999,-999,-999,-999,-999,-999,2.30E-01,230.1,226.1666667,3.406366588,-999,-999,-999,-999,-999,-999,-999,-999,-999,-999,-999,-999,-999,-999,-999,-999,-999,-999,-999,-999,-999,Sample 2,,-999,,,,,,,,,
23/4/25,B,East Fork,-999,-999,-999,-999,-999,-999,-999,-999,-999,2.24E-01,224.2,226.1666667,3.406366588,-999,-999,-999,-999,-999,-999,-999,-999,-999,-999,-999,-999,-999,-999,-999,-999,-999,-999,-999,-999,-999,Sample 2,,-999,,,,,,,,,
23/4/25,B,East Fork,-999,-999,-999,-999,-999,-999,-999,-999,-999,2.24E-01,224.2,226.1666667,3.406366588,-999,-999,-999,-999,-999,-999,-999,-999,-999,-999,-999,-999,-999,-999,-999,-999,-999,-999,-999,-999,-999,Sample 2,,-999,,,,,,,,,
23/4/25,B,East Fork,-999,-999,-999,-999,-999,-999,-999,-999,-999,-999,-999,-999,-999,3.644372726,3.64785383,0.008242194096,-999,-999,-999,-999,-999,-999,-999,-999,-999,-999,-999,-999,-999,-999,-999,-999,-999,-999,Sample 1,,-999,,,,,,,,,
23/4/25,B,East Fork,-999,-999,-999,-999,-999,-999,-999,-999,-999,-999,-999,-999,-999,3.641923319,3.64785383,0.008242194096,-999,-999,-999,-999,-999,-999,-999,-999,-999,-999,-999,-999,-999,-999,-999,-999,-999,-999,Sample 2,,-999,,,,,,,,,
23/4/25,B,East Fork,-999,-999,-999,-999,-999,-999,-999,-999,-999,-999,-999,-999,-999,3.657265444,3.64785383,0.008242194096,-999,-999,-999,-999,-999,-999,-999,-999,-999,-999,-999,-999,-999,-999,-999,-999,-999,-999,Sample 3,,-999,, ,,,,,,,
21/4/25,F,Beach Zone,-999,-999,-999,-999,-999,-999,38.6,30.7,6.88,-999,-999,-999,-999,-999,-999,-999,-999,-999,-999,0.018,0.01207,0.00786,0.0282,0.005303,0.0398,0.00774,-0.0116,0.00938,(FILT.)3200,2588.4,C,R,C,-999,,,-999,,,,,,,,,
21/4/25,F,Beach Zone,-999,-999,-999,-999,-999,-999,27,30.7,6.88,-999,-999,-999,-999,-999,-999,-999,-999,-999,-999,0.0149,0.01207,0.00786,0.0282,0.005303,0.0398,0.00774,-0.0116,0.00938,(UNFILT.)600,1341.6,P,P,R,-999,,,-999,,,,,,,,,
21/4/25,F,Beach Zone,-999,-999,-999,-999,-999,-999,26.4,30.7,6.88,-999,-999,-999,-999,-999,-999,-999,-999,-999,-999,0.0033,0.01207,0.00786,0.0282,0.005303,0.0398,0.00774,-0.0116,0.00938,,,,,,-999,,,-999,,,,,,,,,
21/4/25,F,East Fork,-999,-999,-999,-999,-999,-999,25.8,27,2.08,-999,-999,-999,-999,-999,-999,-999,-999,-999,-999,0.00492,0.00691,0.00407,0.0297,0.006121,0.0377,0.00437,-0.008,0.007521,(FILT.)5200,1923.5,C,P,R,-999,,,-999,,,,,,,,,
21/4/25,F,East Fork,-999,-999,-999,-999,-999,-999,25.8,27,2.08,-999,-999,-999,-999,-999,-999,-999,-999,-999,-999,0.0115,0.00691,0.00407,0.0297,0.006121,0.0377,0.00437,-0.008,0.007521,(UNFILT.)600,894.4,P,P,R,-999,,,-999,,,,,,,,,
21/4/25,F,East Fork,-999,-999,-999,-999,-999,-999,29.4,27,2.08,-999,-999,-999,-999,-999,-999,-999,-999,-999,-999,0.0043,0.00691,0.00407,0.0297,0.006121,0.0377,0.00437,-0.008,0.007521,,,,,,-999,,,-999,,,,,,,,,
21/4/25,D,Beach Zone,-999,-999,-999,-999,-999,-999,-999,24.23,1.17,-999,-999,-999,-999,-999,-999,-999,-999,-999,-999,-999,0.0166,0.00166,0.0363,0.0037,0.0369,0.00282,-0.0006,0.00465,(FILT)13200,(FILT)4791.65,R,C,C,-999,,,-999,,,,,,,,,
21/4/25,D,Beach Zone,-999,-999,-999,-999,-999,-999,-999,-999,-999,-999,-999,-999,-999,-999,-999,-999,-999,-999,-999,-999,-999,-999,-999,-999,-999,-999,-999,-999,(UNFILT)9600,(UNFILT)3646.91,P,P,P,-999,,,-999,,,,,,,,,
21/4/25,D,East Fork,-999,-999,-999,-999,-999,-999,-999,17.8,0.16,-999,-999,-999,-999,-999,-999,-999,-999,-999,-999,-999,0.0161,0.00029,0.0456,0.0046,0.11,0.034,0.0136,0.011,(FILT)23000,(FILT)5787.92,C,P,C,-999,,,-999,,,,,,,,,
21/4/25,D,East Fork,-999,-999,-999,-999,-999,-999,-999,-999,-999,-999,-999,-999,-999,-999,-999,-999,-999,-999,-999,-999,-999,-999,-999,-999,-999,-999,-999,-999,(UNFILT)3400,(UNFILT)1140.18,C,R,C,-999,,,-999,,,,,,,,,
21/4/25,A,Beach Zone,0,20.9,10.13,120.5,11.6,7.95,-999,-999,-999,-999,-999,7.527,0.512,-999,0.2276498085,0.04474378603,0.0983387619,0.04577390086,-999,-999,-999,-999,-999,-999,-999,-999,-999,-999,-999,-999,-999,-999,-999,-999,-999,,-999,,,,,,,,,
21/4/25,A,Beach Zone,20,20.3,10.19,120.7,11.61,7.96,-999,-999,-999,-999,-999,-999,-999,-999,-999,-999,-999,-999,-999,-999,-999,-999,-999,-999,-999,-999,-999,-999,-999,-999,-999,-999,-999,-999,-999,,-999,,,,,,,,,
21/4/25,A,Beach Zone,35,19.6,9.92,115.8,11.62,7.91,-999,-999,-999,-999,-999,-999,-999,-999,-999,-999,-999,-999,-999,-999,-999,-999,-999,-999,-999,-999,-999,-999,-999,-999,-999,-999,-999,-999,-999,,-999,,,,,,,,,
21/4/25,A,East Fork,0,22.4,8.46,104.3,11.42,7.63,-999,-999,-999,-999,-999,5.005,1.994,-999,0.2068248562,0.01306435132,0.099354,0.08490877458,-999,-999,-999,-999,-999,-999,-999,-999,-999,-999,-999,-999,-999,-999,-999,-999,-999,,-999,,,,,,,,,
21/4/25,A,East Fork,10,22,6.68,81.9,11.44,7.3,-999,-999,-999,-999,-999,-999,-999,-999,-999,-999,-999,-999,-999,-999,-999,-999,-999,-999,-999,-999,-999,-999,-999,-999,-999,-999,-999,-999,-999,,-999,,,,,,,,,
21/4/25,A,East Fork,24,21.7,5.4,65.8,11.4,7.23,-999,-999,-999,-999,-999,-999,-999,-999,-999,-999,-999,-999,-999,-999,-999,-999,-999,-999,-999,-999,-999,-999,-999,-999,-999,-999,-999,-999,-999,,-999,,,,,,,,,
21/4/25,E,Beach Zone,-999,-999,-999,-999,-999,-999,44,43.5,0.7071067812,-999,-999,-999,-999,-999,-999,-999,-999,-999,-999,-999,0.004613333333,0.001012982395,0.03601588629,0.003507971019,0.03649665552,0.004925034842,-0.0004807692308,0.006046637815,(FILT) 1800,447.2135955,C,A,R,C,,,-999,,,,,,,,,
21/4/25,E,Beach Zone,-999,-999,-999,-999,-999,-999,43,43.5,0.7071067812,-999,-999,-999,-999,-999,-999,-999,-999,-999,-999,-999,-999,-999,-999,-999,-999,-999,-999,-999,(UNFILT) 800,836.6600265,R,A,R,R,,,-999,,,,,,,,,
21/4/25,E,East Fork,-999,-999,-999,-999,-999,-999,21.9,24.95,4.313351365,-999,-999,-999,-999,-999,-999,-999,-999,-999,-999,-999,0.00576,0.001939896904,0.04747073579,0.004846073349,0.03545150502,0.00732028664,0.01201923077,0.008779010388,(FILT) 600,547.7225575,R,A,R,R,,,-999,,,,,,,,,
21/4/25,E,East Fork,-999,-999,-999,-999,-999,-999,28,24.95,4.313351365,-999,-999,-999,-999,-999,-999,-999,-999,-999,-999,-999,-999,-999,-999,-999,-999,-999,-999,-999,(UNFILT) 200,447.2135955,R,R,A,R,,,-999,,,,,,,,,
23/4/25,B,Beach Zone,-999,-999,-999,-999,-999,-999,-999,-999,-999,-999,-999,-999,-999,-999,-999,-999,14.40833333,1.336584578,-999,-999,-999,-999,-999,-999,-999,-999,-999,-999,-999,-999,-999,-999,-999,-999,Sample from April 7th,,-999,,,,,,,,,
23/4/25,B,Beach Zone,-999,-999,-999,-999,-999,-999,-999,-999,-999,-999,-999,-999,-999,-999,-999,-999,16.89722222,4.001825394,-999,-999,-999,-999,-999,-999,-999,-999,-999,-999,-999,-999,-999,-999,-999,-999,Sample from April 14th,,-999,,,,,,,,,
23/4/25,B,East Fork,-999,-999,-999,-999,-999,-999,-999,-999,-999,-999,-999,-999,-999,-999,-999,-999,18.39444444,5.77470538,-999,-999,-999,-999,-999,-999,-999,-999,-999,-999,-999,-999,-999,-999,-999,-999,Sample from April 14th,,-999,,,,,,,,,
23/4/25,B,Beach Zone,-999,-999,-999,-999,-999,-999,-999,-999,-999,-999,-999,-999,-999,-999,-999,-999,21,4.411404097,-999,-999,-999,-999,-999,-999,-999,-999,-999,-999,-999,-999,-999,-999,-999,-999,Sample from April 21st,,-999,,,,,,,,,
23/4/25,B,East Fork,-999,-999,-999,-999,-999,-999,-999,-999,-999,-999,-999,-999,-999,-999,-999,-999,23.87777778,0.1468023362,-999,-999,-999,-999,-999,-999,-999,-999,-999,-999,-999,-999,-999,-999,-999,-999,Sample from April 21st,,-999,,,,,,,,,
21/4/25,C,Beach Zone,0,17.2,11.59,120.3,0.08,8.05,-999,-999,-999,-999,-999,8.5533327,1.881637195,-999,2.88976592,0.4696250378,43.39814815,19.58731408,-999,-999,-999,-999,-999,-999,-999,-999,-999,-999,-999,-999,-999,-999,-999,-999,Potential Phosphate data error,,-999,,,,,,, ,,
21/4/25,C,Beach Zone,20,20.3,10.11,119.6,11.59,8.01,-999,-999,-999,-999,-999,-999,-999,-999,-999,-999,-999,-999,-999,-999,-999,-999,-999,-999,-999,-999,-999,-999,-999,-999,-999,-999,-999,-999,,,-999,,,,,,,,,
21/4/25,C,Beach Zone,40,19.7,9.64,112.8,11.7,7.93,-999,-999,-999,-999,-999,-999,-999,-999,-999,-999,-999,-999,-999,-999,-999,-999,-999,-999,-999,-999,-999,-999,-999,-999,-999,-999,-999,-999,,,-999,,,,,,,,,
21/4/25,C,East Fork,0,22.2,9.47,114.1,11.42,7.87,-999,-999,-999,-999,-999,7.22281428,0.537610627,-999,3.448727205,0.01205278352,31.87037037,22.21726652,-999,-999,-999,-999,-999,-999,-999,-999,-999,-999,-999,-999,-999,-999,-999,-999,Potential Phosphate data error,,-999,,,,,,,,,
21/4/25,C,East Fork,20,22.2,9.41,115.4,11.48,7.75,-999,-999,-999,-999,-999,-999,-999,-999,-999,-999,-999,-999,-999,-999,-999,-999,-999,-999,-999,-999,-999,-999,-999,-999,-999,-999,-999,-999,,,-999,,,,,,,,,
21/4/25,C,East Fork,40,21.7,8.67,105.4,11.51,7.76,-999,-999,-999,-999,-999,-999,-999,-999,-999,-999,-999,-999,-999,-999,-999,-999,-999,-999,-999,-999,-999,-999,-999,-999,-999,-999,-999,-999,,,-999,,,,,,,,,
28/4/25,D,Beach Zone,-999,-999,-999,-999,-999,-999,-999,-999,-999,-999,-999,-999,-999,-999,-999,-999,-999,-999,-999,-999,-999,-999,-999,-999,-999,-999,-999,-999,-999,-999,-999,-999,-999,-999,,,0-2,-91,0,0.37,40.5,55.4,3.7,0,0,
28/4/25,D,Beach Zone,-999,-999,-999,-999,-999,-999,-999,-999,-999,-999,-999,-999,-999,-999,-999,-999,-999,-999,-999,-999,-999,-999,-999,-999,-999,-999,-999,-999,-999,-999,-999,-999,-999,-999,,,5.5-6.7,61.3,0,0,41.9,48.6,9.5,0,0,
28/4/25,D,Beach Zone,-999,-999,-999,-999,-999,-999,-999,-999,-999,-999,-999,-999,-999,-999,-999,-999,-999,-999,-999,-999,-999,-999,-999,-999,-999,-999,-999,-999,-999,-999,-999,-999,-999,-999,,,6.7-9.2,195,0,0,37,57.4,5.5,0,0,
28/4/25,D,Beach Zone,-999,-999,-999,-999,-999,-999,-999,-999,-999,-999,-999,-999,-999,-999,-999,-999,-999,-999,-999,-999,-999,-999,-999,-999,-999,-999,-999,-999,-999,-999,-999,-999,-999,-999,,,14-16,-87.5,0,0.3,94.8,4.9,0,0,0,Wet Sediment
28/4/25,D,East Fork,-999,-999,-999,-999,-999,-999,-999,-999,-999,-999,-999,-999,-999,-999,-999,-999,-999,-999,-999,-999,-999,-999,-999,-999,-999,-999,-999,-999,-999,-999,-999,-999,-999,-999,,,0-2.54,-78.57,0,46.5,18,10.9,23.4,1.2,0,"extra mortar and pestle run for top level sieves, then sieved again"
28/4/25,D,East Fork,-999,-999,-999,-999,-999,-999,-999,-999,-999,-999,-999,-999,-999,-999,-999,-999,-999,-999,-999,-999,-999,-999,-999,-999,-999,-999,-999,-999,-999,-999,-999,-999,-999,-999,,,2.54-5.08,53,7,4.5,37.3,17.6,16.4,16.8,0.4,sediment at lower sieves due to difficulty with mortar and pestle
28/4/25,D,East Fork,-999,-999,-999,-999,-999,-999,-999,-999,-999,-999,-999,-999,-999,-999,-999,-999,-999,-999,-999,-999,-999,-999,-999,-999,-999,-999,-999,-999,-999,-999,-999,-999,-999,-999,,,10.16-15.24 ,40,14.4,16.8,25.8,10.5,16.6,15.7,0.2,sediment at lower sieves due to difficulty with mortar and pestle
28/4/25,D,East Fork,-999,-999,-999,-999,-999,-999,-999,-999,-999,-999,-999,-999,-999,-999,-999,-999,-999,-999,-999,-999,-999,-999,-999,-999,-999,-999,-999,-999,-999,-999,-999,-999,-999,-999,,,15.24-20.32,71,16.8,0,1,29.5,31.9,20.4,0.3,"extra mortar and pestle run for top level sieves, then sieved again"
28/4/25,F,Beach Zone,-999,-999,-999,-999,-999,-999,-999,-999,-999,-999,-999,-999,-999,-999,-999,-999,-999,-999,-999,-999,-999,-999,-999,-999,-999,-999,-999,-999,-999,-999,-999,-999,-999,-999,-999,,0-2.54,0%,0.9,9,0,90.1,0,0,0,Used different sieve which doesn't have 500 or 125
28/4/25,F,Beach Zone,-999,-999,-999,-999,-999,-999,-999,-999,-999,-999,-999,-999,-999,-999,-999,-999,-999,-999,-999,-999,-999,-999,-999,-999,-999,-999,-999,-999,-999,-999,-999,-999,-999,-999,-999,,2.54-5.08,0%,0,5.1,0,94.9,0,0,0,Used different sieve which doesn't have 500 or 125
28/4/25,F,Beach Zone,-999,-999,-999,-999,-999,-999,-999,-999,-999,-999,-999,-999,-999,-999,-999,-999,-999,-999,-999,-999,-999,-999,-999,-999,-999,-999,-999,-999,-999,-999,-999,-999,-999,-999,-999,,5.08-7.62,0%,0.7,0,0,98.5,0,0.8,0,Used different sieve which doesn't have 500 or 125
28/4/25,F,Beach Zone,-999,-999,-999,-999,-999,-999,-999,-999,-999,-999,-999,-999,-999,-999,-999,-999,-999,-999,-999,-999,-999,-999,-999,-999,-999,-999,-999,-999,-999,-999,-999,-999,-999,-999,-999,,7.62-10.16,0%,0,0,0,99.3,0,0.7,0,Used different sieve which doesn't have 500 or 125
28/4/25,F,East Fork,-999,-999,-999,-999,-999,-999,-999,-999,-999,-999,-999,-999,-999,-999,-999,-999,-999,-999,-999,-999,-999,-999,-999,-999,-999,-999,-999,-999,-999,-999,-999,-999,-999,-999,-999,,0-2.54,75.80%,-999,-999,-999,-999,-999,-999,-999,Used different sieve which doesn't have 500 or 125
28/4/25,F,East Fork,-999,-999,-999,-999,-999,-999,-999,-999,-999,-999,-999,-999,-999,-999,-999,-999,-999,-999,-999,-999,-999,-999,-999,-999,-999,-999,-999,-999,-999,-999,-999,-999,-999,-999,-999,,7.62-10.16,18.2%%,0,0,0,42.1,0,48.6,10.75,Used different sieve which doesn't have 500 or 125
28/4/25,F,East Fork,-999,-999,-999,-999,-999,-999,-999,-999,-999,-999,-999,-999,-999,-999,-999,-999,-999,-999,-999,-999,-999,-999,-999,-999,-999,-999,-999,-999,-999,-999,-999,-999,-999,-999,-999,,12.7-15.24,23.80%,0,0,0,38.2,0,37.2,24.1,Used different sieve which doesn't have 500 or 125
28/4/25,F,East Fork,-999,-999,-999,-999,-999,-999,-999,-999,-999,-999,-999,-999,-999,-999,-999,-999,-999,-999,-999,-999,-999,-999,-999,-999,-999,-999,-999,-999,-999,-999,-999,-999,-999,-999,-999,,17.78-20.32,4.20%,0,0,0,51.1,0,31.6,17.3,Used different sieve which doesn't have 500 or 125
30/4/25,B,Beach Zone,-999,-999,-999,-999,-999,-999,-999,-999,-999,-999,-999,-999,-999,-999,-999,-999,-999,-999,-999,-999,-999,-999,-999,-999,-999,-999,-999,-999,-999,-999,-999,-999,-999,-999,-999,,0-2.54,0.5,0,0,-999,98.4962406,-999,1.503759398,0,
30/4/25,B,Beach Zone,-999,-999,-999,-999,-999,-999,-999,-999,-999,-999,-999,-999,-999,-999,-999,-999,-999,-999,-999,-999,-999,-999,-999,-999,-999,-999,-999,-999,-999,-999,-999,-999,-999,-999,LOI messed up,,2.54-5.08,-1.2,0.2663115846,5.059920107,-999,94.35419441,-999,0.3195739015,0,
30/4/25,B,Beach Zone,-999,-999,-999,-999,-999,-999,-999,-999,-999,-999,-999,-999,-999,-999,-999,-999,-999,-999,-999,-999,-999,-999,-999,-999,-999,-999,-999,-999,-999,-999,-999,-999,-999,-999,-999,,5.08-7.62,-999,0,0.07220216606,-999,99.49458484,-999,0.4332129964,0,
30/4/25,B,Beach Zone,-999,-999,-999,-999,-999,-999,-999,-999,-999,-999,-999,-999,-999,-999,-999,-999,-999,-999,-999,-999,-999,-999,-999,-999,-999,-999,-999,-999,-999,-999,-999,-999,-999,-999,-999,,7.62-10.16,0.4,0,0,-999,99.7273347,-999,0.2726653033,0,
30/4/25,B,Beach Zone,-999,-999,-999,-999,-999,-999,-999,-999,-999,-999,-999,-999,-999,-999,-999,-999,-999,-999,-999,-999,-999,-999,-999,-999,-999,-999,-999,-999,-999,-999,-999,-999,-999,-999,-999,,10.16-12.7,-999,-999,-999,-999,-999,-999,-999,-999,
30/4/25,B,Beach Zone,-999,-999,-999,-999,-999,-999,-999,-999,-999,-999,-999,-999,-999,-999,-999,-999,-999,-999,-999,-999,-999,-999,-999,-999,-999,-999,-999,-999,-999,-999,-999,-999,-999,-999,-999,,12.7-15.24,0.4,-999,-999,-999,-999,-999,-999,-999,
30/4/25,B,Beach Zone,-999,-999,-999,-999,-999,-999,-999,-999,-999,-999,-999,-999,-999,-999,-999,-999,-999,-999,-999,-999,-999,-999,-999,-999,-999,-999,-999,-999,-999,-999,-999,-999,-999,-999,-999,,15.24-17.78,-999,-999,-999,-999,-999,-999,-999,-999,
30/4/25,B,Beach Zone,-999,-999,-999,-999,-999,-999,-999,-999,-999,-999,-999,-999,-999,-999,-999,-999,-999,-999,-999,-999,-999,-999,-999,-999,-999,-999,-999,-999,-999,-999,-999,-999,-999,-999,-999,,17.78-20.32,-999,-999,-999,-999,-999,-999,-999,-999,
30/4/25,B,East Fork,-999,-999,-999,-999,-999,-999,-999,-999,-999,-999,-999,-999,-999,-999,-999,-999,-999,-999,-999,-999,-999,-999,-999,-999,-999,-999,-999,-999,-999,-999,-999,-999,-999,-999,-999,,0-2.54,20,-999,-999,-999,-999,-999,-999,-999,
30/4/25,B,East Fork,-999,-999,-999,-999,-999,-999,-999,-999,-999,-999,-999,-999,-999,-999,-999,-999,-999,-999,-999,-999,-999,-999,-999,-999,-999,-999,-999,-999,-999,-999,-999,-999,-999,-999,-999,,2.54-5.08,3,0,0.0521978022,-999,0.7232142857,-999,0.2163461538,0.008241758242,
30/4/25,B,East Fork,-999,-999,-999,-999,-999,-999,-999,-999,-999,-999,-999,-999,-999,-999,-999,-999,-999,-999,-999,-999,-999,-999,-999,-999,-999,-999,-999,-999,-999,-999,-999,-999,-999,-999,-999,,5.08-7.62,5.8,-999,-999,-999,-999,-999,-999,-999,
30/4/25,B,East Fork,-999,-999,-999,-999,-999,-999,-999,-999,-999,-999,-999,-999,-999,-999,-999,-999,-999,-999,-999,-999,-999,-999,-999,-999,-999,-999,-999,-999,-999,-999,-999,-999,-999,-999,-999,,7.62-10.16,-999,0,0.07113729044,-999,0.5632079746,-999,0.3593112823,0.006343452651,
30/4/25,B,East Fork,-999,-999,-999,-999,-999,-999,-999,-999,-999,-999,-999,-999,-999,-999,-999,-999,-999,-999,-999,-999,-999,-999,-999,-999,-999,-999,-999,-999,-999,-999,-999,-999,-999,-999,-999,,10.16-12.7,-999,-999,-999,-999,-999,-999,-999,-999,
30/4/25,B,East Fork,-999,-999,-999,-999,-999,-999,-999,-999,-999,-999,-999,-999,-999,-999,-999,-999,-999,-999,-999,-999,-999,-999,-999,-999,-999,-999,-999,-999,-999,-999,-999,-999,-999,-999,-999,,12.7-15.24,3.1,0,0,-999,0.7630769231,-999,0.2303846154,0.006538461538,
30/4/25,B,East Fork,-999,-999,-999,-999,-999,-999,-999,-999,-999,-999,-999,-999,-999,-999,-999,-999,-999,-999,-999,-999,-999,-999,-999,-999,-999,-999,-999,-999,-999,-999,-999,-999,-999,-999,-999,,15.24-17.78,-999,25.58659218,16.75977654,-999,52.65363128,-999,4.776536313,0.2234636872,
30/4/25,B,East Fork,-999,-999,-999,-999,-999,-999,-999,-999,-999,-999,-999,-999,-999,-999,-999,-999,-999,-999,-999,-999,-999,-999,-999,-999,-999,-999,-999,-999,-999,-999,-999,-999,-999,-999,-999,,17.78-20.32,3,0,5.96107056,-999,83.69829684,-999,10.0973236,0.2433090024,
28/4/25,A,Beach Zone,-999,-999,-999,-999,-999,-999,-999,-999,-999,-999,-999,-999,-999,-999,-999,-999,-999,-999,-999,-999,-999,-999,-999,-999,-999,-999,-999,-999,-999,-999,-999,-999,-999,-999,-999,,0-2.54,11.80625,0,0.306936771,-999,99.2019644,-999,0.4910988336,0,
28/4/25,A,Beach Zone,-999,-999,-999,-999,-999,-999,-999,-999,-999,-999,-999,-999,-999,-999,-999,-999,-999,-999,-999,-999,-999,-999,-999,-999,-999,-999,-999,-999,-999,-999,-999,-999,-999,-999,-999,,2.54-5.08,14.43583279,0,3.3126294,-999,95.85921325,-999,0.8281573499,0,
28/4/25,A,Beach Zone,-999,-999,-999,-999,-999,-999,-999,-999,-999,-999,-999,-999,-999,-999,-999,-999,-999,-999,-999,-999,-999,-999,-999,-999,-999,-999,-999,-999,-999,-999,-999,-999,-999,-999,-999,,5.08-7.62,10.89575342,0,0,-999,99.92877493,-999,0.07122507123,0,
28/4/25,A,Beach Zone,-999,-999,-999,-999,-999,-999,-999,-999,-999,-999,-999,-999,-999,-999,-999,-999,-999,-999,-999,-999,-999,-999,-999,-999,-999,-999,-999,-999,-999,-999,-999,-999,-999,-999,-999,,7.62-10.16,8.935938431,0,3.783102144,-999,95.58638083,-999,0.2101723413,0.4203446826,
28/4/25,A,Beach Zone,-999,-999,-999,-999,-999,-999,-999,-999,-999,-999,-999,-999,-999,-999,-999,-999,-999,-999,-999,-999,-999,-999,-999,-999,-999,-999,-999,-999,-999,-999,-999,-999,-999,-999,-999,,10.16-12.7,8.270406852,0,6.915072172,-999,91.30580732,-999,0,0,
28/4/25,A,East Fork,-999,-999,-999,-999,-999,-999,-999,-999,-999,-999,-999,-999,-999,-999,-999,-999,-999,-999,-999,-999,-999,-999,-999,-999,-999,-999,-999,-999,-999,-999,-999,-999,-999,-999,-999,,7.62-10.16,4.760714286,0,0,-999,72.50786988,-999,23.92444911,3.567681007,
28/4/25,A,East Fork,-999,-999,-999,-999,-999,-999,-999,-999,-999,-999,-999,-999,-999,-999,-999,-999,-999,-999,-999,-999,-999,-999,-999,-999,-999,-999,-999,-999,-999,-999,-999,-999,-999,-999,-999,,12.7-15.24,6.408219178,0,2.142857143,-999,53.41269841,-999,25.55555556,18.49206349,
5/5/25,B,Beach Zone,-999,-999,-999,-999,-999,-999,25.4,26.8,1.979898987,-999,-999,-999,-999,-999,-999,-999,-999,-999,-999,-999,-999,-999,-999,-999,-999,-999,-999,-999,-999,-999,-999,-999,-999,-999,-999,,-999,-999,-999,-999,-999,-999,-999,-999,-999,
5/5/25,B,Beach Zone,-999,-999,-999,-999,-999,-999,28.2,26.8,1.979898987,-999,-999,-999,-999,-999,-999,-999,-999,-999,-999,-999,-999,-999,-999,-999,-999,-999,-999,-999,-999,-999,-999,-999,-999,-999,-999,,-999,-999,-999,-999,-999,-999,-999,-999,-999,
5/5/25,B,East Fork,-999,-999,-999,-999,-999,-999,33,36,4.242640687,-999,-999,-999,-999,-999,-999,-999,-999,-999,-999,-999,-999,-999,-999,-999,-999,-999,-999,-999,-999,-999,-999,-999,-999,-999,-999,,-999,-999,-999,-999,-999,-999,-999,-999,-999,
5/5/25,B,East Fork,-999,-999,-999,-999,-999,-999,39,36,4.242640687,-999,-999,-999,-999,-999,-999,-999,-999,-999,-999,-999,-999,-999,-999,-999,-999,-999,-999,-999,-999,-999,-999,-999,-999,-999,-999,,-999,-999,-999,-999,-999,-999,-999,-999,-999,
5/5/25,F,Beach Zone,10,21.6,14.35,177.8,12.43,8.92,-999,-999,-999,0.469,469.2,414.04,77.99,5.13,4.86,0.39,-999,-999,-999,-999,-999,-999,-999,-999,-999,-999,-999,-999,-999,-999,-999,-999,-999,-999,-999,,-999,-999,-999,-999,-999,-999,-999,-999,-999,
5/5/25,F,Beach Zone,30,21.6,14.71,180.2,12.46,8.94,-999,-999,-999,0.359,358.9,-999,-999,4.58,-999,-999,-999,-999,-999,-999,-999,-999,-999,-999,-999,-999,-999,-999,-999,-999,-999,-999,-999,-999,-999,,-999,-999,-999,-999,-999,-999,-999,-999,-999,
5/5/25,F,Beach Zone,50,19.7,15.4,182.5,12.57,8.95,-999,-999,-999,0.409,408.9,698.87,410.06,-999,-999,-999,-999,-999,-999,-999,-999,-999,-999,-999,-999,-999,-999,-999,-999,-999,-999,-999,-999,-999,-999,,-999,-999,-999,-999,-999,-999,-999,-999,-999,
,F,Beach Zone,-999,-999,-999,-999,-999,-999,-999,-999,-999,0.989,988.8,-999,-999,-999,-999,-999,-999,-999,-999,-999,-999,-999,-999,-999,-999,-999,-999,-999,-999,-999,-999,-999,-999,-999,-999,,-999,-999,-999,-999,-999,-999,-999,-999,-999,
5/5/25,F,East Fork,10,24.8,14.75,192.7,-999,8.94,-999,-999,-999,0.311,311.1,367.23,79.39,3.35,3.92,0.49,-999,-999,-999,-999,-999,-999,-999,-999,-999,-999,-999,-999,-999,-999,-999,-999,-999,-999,-999,,-999,-999,-999,-999,-999,-999,-999,-999,-999,Didn't retrieve salintity for east fork data 
5/5/25,F,East Fork,20,24.3,14.26,186,-999,8.91,-999,-999,-999,0.423,423.4,-999,-999,4.2,-999,-999,-999,-999,-999,-999,-999,-999,-999,-999,-999,-999,-999,-999,-999,-999,-999,-999,-999,-999,-999,,-999,-999,-999,-999,-999,-999,-999,-999,-999,Didn't retrieve salintity for east fork data 
5/5/25,F,East Fork,43,22,9.65,120.5,-999,8.16,-999,-999,-999,0.601,600.7,863.39,371.44,4.2,-999,-999,-999,-999,-999,-999,-999,-999,-999,-999,-999,-999,-999,-999,-999,-999,-999,-999,-999,-999,-999,,-999,-999,-999,-999,-999,-999,-999,-999,-999,Didn't retrieve salintity for east fork data 
,F,East Fork,-999,-999,-999,-999,-999,-999,-999,-999,-999,1.13,1126,-999,-999,-999,-999,-999,-999,,,,,,,,,,,,,,,,,,,,,,,,,,,,,
7/5/25,B,Beach Zone,-999,-999,-999,-999,-999,-999,-999,-999,-999,-999,-999,-999,-999,-999,-999,-999,-999,-999,-999,-999,-999,-999,0.05391,0.03031,0.036047,0.0040781,0.01786,0.305876,-999,-999,-999,-999,-999,-999,-999,,-999,-999,-999,-999,-999,-999,-999,-999,-999,
7/5/25,B,East Fork,-999,-999,-999,-999,-999,-999,-999,-999,-999,-999,-999,-999,-999,-999,-999,-999,-999,-999,-999,-999,-999,-999,0.06207,0.0086339,0.0124786,0.0198926,0.049594,0.021685,-999,-999,-999,-999,-999,-999,-999,,-999,-999,-999,-999,-999,-999,-999,-999,-999,
7/5/25,B,Beach Zone,-999,-999,-999,-999,-999,-999,-999,-999,-999,-999,-999,-999,-999,-999,-999,-999,-999,-999,-999,-999,-999,-999,-999,-999,-999,-999,-999,-999,18000,7382.41153,A,P,R,R,-999,,-999,-999,-999,-999,-999,-999,-999,-999,-999,
7/5/25,B,East Fork,-999,-999,-999,-999,-999,-999,-999,-999,-999,-999,-999,-999,-999,-999,-999,-999,-999,-999,-999,-999,-999,-999,-999,-999,-999,-999,-999,-999,45400,7700.649323,C,C,P,R,-999,,-999,-999,-999,-999,-999,-999,-999,-999,-999,
7/5/25,B,Beach Zone,-999,-999,-999,-999,-999,-999,-999,-999,-999,-999,-999,-999,-999,-999,-999,-999,-999,-999,-999,0.024816,0.025604,0.0008591810054,-999,-999,-999,-999,-999,-999,-999,-999,-999,-999,-999,-999,Sample 1,,-999,-999,-999,-999,-999,-999,-999,-999,-999,
7/5/25,B,Beach Zone,-999,-999,-999,-999,-999,-999,-999,-999,-999,-999,-999,-999,-999,-999,-999,-999,-999,-999,-999,0.02652,0.025604,0.0008591810054,-999,-999,-999,-999,-999,-999,-999,-999,-999,-999,-999,-999,Sample 2,,-999,-999,-999,-999,-999,-999,-999,-999,-999,
7/5/25,B,Beach Zone,-999,-999,-999,-999,-999,-999,-999,-999,-999,-999,-999,-999,-999,-999,-999,-999,-999,-999,-999,0.025476,0.025604,0.0008591810054,-999,-999,-999,-999,-999,-999,-999,-999,-999,-999,-999,-999,Sample 3,,-999,-999,-999,-999,-999,-999,-999,-999,-999,
7/5/25,B,East Fork,-999,-999,-999,-999,-999,-999,-999,-999,-999,-999,-999,-999,-999,-999,-999,-999,-999,-999,-999,0.02976,0.02408,0.00493076059,-999,-999,-999,-999,-999,-999,-999,-999,-999,-999,-999,-999,Sample 1,,-999,-999,-999,-999,-999,-999,-999,-999,-999,
7/5/25,B,East Fork,-999,-999,-999,-999,-999,-999,-999,-999,-999,-999,-999,-999,-999,-999,-999,-999,-999,-999,-999,0.02158,0.02408,0.00493076059,-999,-999,-999,-999,-999,-999,-999,-999,-999,-999,-999,-999,Sample 2,,-999,-999,-999,-999,-999,-999,-999,-999,-999,
7/5/25,B,East Fork,-999,-999,-999,-999,-999,-999,-999,-999,-999,-999,-999,-999,-999,-999,-999,-999,-999,-999,-999,0.0209,0.02408,0.00493076059,-999,-999,-999,-999,-999,-999,-999,-999,-999,-999,-999,-999,Sample 3,,-999,-999,-999,-999,-999,-999,-999,-999,-999,
5/5/25,E,Beach Zone,0,21.6,13,170,-999,8.85,-999,-999,-999,-999,-999,-999,-999,-999,-999,-999,-999,-999,-999,-999,-999,-999,-999,-999,-999,-999,-999,-999,-999,-999,-999,-999,-999,-999,,,,,,,,,,,,
5/5/25,E,Beach Zone,20,22,14.23,176.2,-999,8.89,-999,-999,-999,-999,-999,-999,-999,-999,-999,-999,-999,-999,-999,-999,-999,-999,-999,-999,-999,-999,-999,-999,-999,-999,-999,-999,-999,-999,,,,,,,,,,,,
5/5/25,E,Beach Zone,40,19.9,14.89,177,-999,8.91,-999,-999,-999,-999,-999,-999,-999,-999,-999,-999,-999,-999,-999,-999,-999,-999,-999,-999,-999,-999,-999,-999,-999,-999,-999,-999,-999,-999,,,,,,,,,,,,
5/5/25,E,East Fork,0,24.7,14.83,193,-999,9.02,-999,-999,-999,-999,-999,-999,-999,-999,-999,-999,-999,-999,-999,-999,-999,-999,-999,-999,-999,-999,-999,-999,-999,-999,-999,-999,-999,-999,,,,,,,,,,,,
5/5/25,E,East Fork,20,24.6,14.64,182.3,-999,8.96,-999,-999,-999,-999,-999,-999,-999,-999,-999,-999,-999,-999,-999,-999,-999,-999,-999,-999,-999,-999,-999,-999,-999,-999,-999,-999,-999,-999,,,,,,,,,,,,
5/5/25,E,East Fork,43,22.1,9.95,123.9,-999,8.26,-999,-999,-999,-999,-999,-999,-999,-999,-999,-999,-999,-999,-999,-999,-999,-999,-999,-999,-999,-999,-999,-999,-999,-999,-999,-999,-999,-999,,,,,,,,,,,,
5/5/25,A,Beach Zone,-999,-999,-999,-999,-999,-999,27,27,0,-999,-999,-999,-999,-999,-999,-999,-999,-999,-999,0.04104,0.04344,0.00208,0.05342809365,0.04655905129,0.03198160535,0.007652643073,0.02144648829,0.03890640822,2200,1303.840481,-999,-999,-999,-999,-999,,-999,-999,-999,-999,-999,-999,-999,-999,-999,
5/5/25,A,Beach Zone,-999,-999,-999,-999,-999,-999,27,27,0,-999,-999,-999,-999,-999,-999,-999,-999,-999,-999,0.04452,0.04344,0.00208,-999,-999,-999,-999,-999,-999,-999,-999,-999,-999,-999,-999,-999,,-999,-999,-999,-999,-999,-999,-999,-999,-999,
5/5/25,A,Beach Zone,-999,-999,-999,-999,-999,-999,-999,-999,-999,-999,-999,-999,-999,-999,-999,-999,-999,-999,-999,0.04476,0.04344,0.00208,-999,-999,-999,-999,-999,-999,-999,-999,A,C,A,-999,-999,,-999,-999,-999,-999,-999,-999,-999,-999,-999,
5/5/25,A,East Fork,-999,-999,-999,-999,-999,-999,42.6,44.3,2.404163056,-999,-999,-999,-999,-999,-999,-999,-999,-999,-999,0.02194,0.01827,0.00729,0.04358277592,0.02750849622,0.02219899666,0.02033194644,0.02138377926,0.007176549783,2200,1095.445115,A,C,A,-999,-999,,-999,-999,-999,-999,-999,-999,-999,-999,-999,
5/5/25,A,East Fork,-999,-999,-999,-999,-999,-999,46,44.3,2.404163056,-999,-999,-999,-999,-999,-999,-999,-999,-999,-999,0.023,0.01827,0.00729,-999,-999,-999,-999,-999,-999,-999,-999,-999,-999,-999,-999,-999,,-999,-999,-999,-999,-999,-999,-999,-999,-999,
5/5/25,A,East Fork,-999,-999,-999,-999,-999,-999,-999,-999,-999,-999,-999,-999,-999,-999,-999,-999,-999,-999,-999,0.00986,0.01827,0.00729,-999,-999,-999,-999,-999,-999,-999,-999,-999,-999,-999,-999,-999,,-999,-999,-999,-999,-999,-999,-999,-999,-999,
5/5/25,D,Beach Zone,0,21.6,14.51,179.2,5.6,8.96,-999,-999,-999,-999,-999,719.14,150.34,-999,3.795,0.2887,-999,-999,-999,-999,-999,-999,-999,-999,-999,-999,-999,-999,-999,-999,-999,-999,-999,-999,,,,,,,,,,,,
5/5/25,D,Beach Zone,10,22,14.75,182,12.43,8.96,-999,-999,-999,-999,-999,-999,-999,-999,-999,-999,-999,-999,-999,-999,-999,-999,-999,-999,-999,-999,-999,-999,-999,-999,-999,-999,-999,-999,,,,,,,,,,,,
5/5/25,D,Beach Zone,30,21.9,14.84,183.4,12.43,8.96,-999,-999,-999,-999,-999,-999,-999,-999,-999,-999,-999,-999,-999,-999,-999,-999,-999,-999,-999,-999,-999,-999,-999,-999,-999,-999,-999,-999,,,,,,,,,,,,
5/5/25,D,Beach Zone,50,20.2,14.88,178.2,12.94,8.96,-999,-999,-999,-999,-999,-999,-999,-999,-999,-999,-999,-999,-999,-999,-999,-999,-999,-999,-999,-999,-999,-999,-999,-999,-999,-999,-999,-999,,,,,,,,,,,,
5/5/25,D,East Fork,0,20.3,12,115,0.12,9,-999,-999,-999,-999,-999,520.79,130.39,-999,4.321,0.4273,-999,-999,-999,-999,-999,-999,-999,-999,-999,-999,-999,-999,-999,-999,-999,-999,-999,-999,,,,,,,,,,,,
5/5/25,D,East Fork,10,25,14,192,12.2,9,-999,-999,-999,-999,-999,-999,-999,-999,-999,-999,-999,-999,-999,-999,-999,-999,-999,-999,-999,-999,-999,-999,-999,-999,-999,-999,-999,-999,,,,,,,,,,,,
5/5/25,D,East Fork,30,24.3,14.06,183.5,12.36,8.87,-999,-999,-999,-999,-999,-999,-999,-999,-999,-999,-999,-999,-999,-999,-999,-999,-999,-999,-999,-999,-999,-999,-999,-999,-999,-999,-999,-999,,,,,,,,,,,,
5/5/25,D,East Fork,45,23,11.9,151.4,12.14,8.5,-999,-999,-999,-999,-999,-999,-999,-999,-999,-999,-999,-999,-999,-999,-999,-999,-999,-999,-999,-999,-999,-999,-999,-999,-999,-999,-999,-999,,,,,,,,,,,,
5/5/25,C,Beach Zone,-999,-999,-999,-999,-999,-999,29.6,28.4,1.03,-999,-999,-999,-999,-999,-999,-999,-999,-999,-999,-999,-999,-999,-999,-999,-999,-999,-999,-999,-999,-999,-999,-999,-999,-999,-999,-999,-999,-999,-999,-999,-999,-999,-999,-999,-999,
5/5/25,C,Beach Zone,-999,-999,-999,-999,-999,-999,27.2,-999,-999,-999,-999,-999,-999,-999,-999,-999,-999,-999,-999,-999,-999,-999,-999,-999,-999,-999,-999,-999,-999,-999,-999,-999,-999,-999,-999,-999,-999,-999,-999,-999,-999,-999,-999,-999,-999,
5/5/25,C,Beach Zone,-999,-999,-999,-999,-999,-999,28.8,-999,-999,-999,-999,-999,-999,-999,-999,-999,-999,-999,-999,-999,-999,-999,-999,-999,-999,-999,-999,-999,-999,-999,-999,-999,-999,-999,-999,-999,-999,-999,-999,-999,-999,-999,-999,-999,-999,
5/5/25,C,Beach Zone,-999,-999,-999,-999,-999,-999,28,-999,-999,-999,-999,-999,-999,-999,-999,-999,-999,-999,-999,-999,-999,-999,-999,-999,-999,-999,-999,-999,-999,-999,-999,-999,-999,-999,-999,-999,-999,-999,-999,-999,-999,-999,-999,-999,-999,
5/5/25,C,Beach Zone,-999,-999,-999,-999,-999,-999,-999,-999,-999,-999,-999,-999,-999,-999,-999,-999,-999,-999,-999,0.00554,0.00614,0.00085,-999,-999,-999,-999,-999,-999,-999,-999,-999,-999,-999,-999,-999,-999,-999,-999,-999,-999,-999,-999,-999,-999,-999,
5/5/25,C,Beach Zone,-999,-999,-999,-999,-999,-999,-999,-999,-999,-999,-999,-999,-999,-999,-999,-999,-999,-999,-999,0.00674,-999,-999,-999,-999,-999,-999,-999,-999,-999,-999,-999,-999,-999,-999,-999,-999,-999,-999,-999,-999,-999,-999,-999,-999,-999,
5/5/25,C,Beach Zone,-999,-999,-999,-999,-999,-999,-999,-999,-999,-999,-999,-999,-999,-999,-999,-999,-999,-999,-999,-999,-999,-999,0.09118,0.024182,0.031428,0.003248,0.059751,0.024399,-999,-999,-999,-999,-999,-999,-999,-999,-999,-999,-999,-999,-999,-999,-999,-999,-999,
5/5/25,C,Beach Zone,-999,-999,-999,-999,-999,-999,-999,-999,-999,-999,-999,-999,-999,-999,-999,-999,-999,-999,-999,-999,-999,-999,-999,-999,-999,-999,-999,-999,"598,333",242681,R,R,R,-999,"Our phytoplankton cell counts were significantly higher than average resulting in a very high mean, stdev., and rare code abundances for all types of plankton. We did not count or analyze for zooplankton.",-999,-999,-999,-999,-999,-999,-999,-999,-999,-999,
5/5/25,C,East Fork,-999,-999,-999,-999,-999,-999,19.4,22.3,2.58,-999,-999,-999,-999,-999,-999,-999,-999,-999,-999,-999,-999,-999,-999,-999,-999,-999,-999,-999,-999,-999,-999,-999,-999,-999,-999,-999,-999,-999,-999,-999,-999,-999,-999,-999,-999,
5/5/25,C,East Fork,-999,-999,-999,-999,-999,-999,23,-999,-999,-999,-999,-999,-999,-999,-999,-999,-999,-999,-999,-999,-999,-999,-999,-999,-999,-999,-999,-999,-999,-999,-999,-999,-999,-999,-999,-999,-999,-999,-999,-999,-999,-999,-999,-999,-999,
5/5/25,C,East Fork,-999,-999,-999,-999,-999,-999,24.4,-999,-999,-999,-999,-999,-999,-999,-999,-999,-999,-999,-999,-999,-999,-999,-999,-999,-999,-999,-999,-999,-999,-999,-999,-999,-999,-999,-999,-999,-999,-999,-999,-999,-999,-999,-999,-999,-999,
5/5/25,C,East Fork,-999,-999,-999,-999,-999,-999,-999,-999,-999,-999,-999,-999,-999,-999,-999,-999,-999,-999,-999,0.0281,0.01707,0.0156,-999,-999,-999,-999,-999,-999,-999,-999,-999,-999,-999,-999,-999,-999,-999,-999,-999,-999,-999,-999,-999,-999,-999,
5/5/25,C,East Fork,-999,-999,-999,-999,-999,-999,-999,-999,-999,-999,-999,-999,-999,-999,-999,-999,-999,-999,-999,0.00604,-999,-999,-999,-999,-999,-999,-999,-999,-999,-999,-999,-999,-999,-999,-999,-999,-999,-999,-999,-999,-999,-999,-999,-999,-999,
5/5/25,C,East Fork,-999,-999,-999,-999,-999,-999,-999,-999,-999,-999,-999,-999,-999,-999,-999,-999,-999,-999,-999,-999,-999,-999,0.121217,0.05843,0.062145,0.01138,0.059072,0.059523,-999,-999,-999,-999,-999,-999,-999,-999,-999,-999,-999,-999,-999,-999,-999,-999,-999,
5/5/25,C,East Fork,-999,-999,-999,-999,-999,-999,-999,-999,-999,-999,-999,-999,-999,-999,-999,-999,-999,-999,-999,-999,-999,-999,-999,-999,-999,-999,-999,-999,"724,000",181868,R,R,R,-999,"Our phytoplankton cell counts were significantly higher than average resulting in a very high mean, stdev., and rare code abundances for all types of plankton. We did not count or analyze for zooplankton.",-999,-999,-999,-999,-999,-999,-999,-999,-999,-999,